{"ratio": [], "shift": [["PEUT RESERVER,UTILISATEUR", 0], ["PEUT RESERVER,RESERVATION", 0], ["PEUT CONSULTER,UTILISATEUR", 0], ["PEUT CONSULTER,CONSEILS_TUTOS", 0], ["PEUT ETRE COMMANDER,SOINS", 0], ["PEUT ETRE COMMANDER,MAQUILLAGE", 0], ["PEUT ETRE COMMANDER,SOINS_ONGLES", 0], ["PEUT ETRE COMMANDER,LIGNE_DE_CDE", 0], ["PEUT GENERER,LIGNE_DE_CDE", 0], ["PEUT GENERER,VENTE", 0]], "colors": [["annotation_color", "#3288bd"], ["annotation_text_color", "#ffffbf"], ["association_attribute_text_color", "#000000"], ["association_cartouche_color", "#abdda4"], ["association_cartouche_text_color", "#000000"], ["association_color", "#e6f598"], ["association_stroke_color", "#66c2a5"], ["background_color", "#ffffbf"], ["card_text_color", "#d53e4f"], ["entity_attribute_text_color", "#000000"], ["entity_cartouche_color", "#fdae61"], ["entity_cartouche_text_color", "#000000"], ["entity_color", "#fee08b"], ["entity_stroke_color", "#f46d43"], ["leg_stroke_color", "#66c2a5"], ["transparent_color", "none"]], "cy": [["PEUT RESERVER", 77], ["UTILISATEUR", 77], ["PEUT CONSULTER", 77], ["CONSEILS_TUTOS", 77], ["RESERVATION", 195], ["PEUT ETRE COMMANDER", 195], ["LIGNE_DE_CDE", 195], ["PEUT GENERER", 195], ["SOINS", 322], ["SOINS_ONGLES", 322], ["MAQUILLAGE", 322], ["VENTE", 322]], "cx": [["PEUT RESERVER", 66], ["UTILISATEUR", 230], ["PEUT CONSULTER", 398], ["CONSEILS_TUTOS", 554], ["RESERVATION", 66], ["PEUT ETRE COMMANDER", 230], ["LIGNE_DE_CDE", 398], ["PEUT GENERER", 554], ["SOINS", 66], ["SOINS_ONGLES", 230], ["MAQUILLAGE", 398], ["VENTE", 554]], "size": [625, 382]}